{"version":1,"atlasWidth":2048,"atlasHeight":2048,"cellSize":64,"sdfSpread":8,"ascent":46.0,"chars":{" ":{"u":0.0,"v":0.0,"w":0.03125,"h":0.03125,"pixelW":64,"pixelH":64,"advance":30.0,"bearingX":17.0,"bearingY":3.0},"!":{"u":0.03125,"v":0.0,"w":0.03125,"h":0.03125,"pixelW":64,"pixelH":64,"advance":30.0,"bearingX":17.0,"bearingY":3.0},"\"":{"u":0.0625,"v":0.0,"w":0.03125,"h":0.03125,"pixelW":64,"pixelH":64,"advance":30.0,"bearingX":17.0,"bearingY":3.0},"#":{"u":0.09375,"v":0.0,"w":0.03125,"h":0.03125,"pixelW":64,"pixelH":64,"advance":30.0,"bearingX":17.0,"bearingY":3.0},"$":{"u":0.125,"v":0.0,"w":0.03125,"h":0.03125,"pixelW":64,"pixelH":64,"advance":30.0,"bearingX":17.0,"bearingY":3.0},"%":{"u":0.15625,"v":0.0,"w":0.03125,"h":0.03125,"pixelW":64,"pixelH":64,"advance":30.0,"bearingX":17.0,"bearingY":3.0},"&":{"u":0.1875,"v":0.0,"w":0.03125,"h":0.03125,"pixelW":64,"pixelH":64,"advance":30.0,"bearingX":17.0,"bearingY":3.0},"'":{"u":0.21875,"v":0.0,"w":0.03125,"h":0.03125,"pixelW":64,"pixelH":64,"advance":30.0,"bearingX":17.0,"bearingY":3.0},"(":{"u":0.25,"v":0.0,"w":0.03125,"h":0.03125,"pixelW":64,"pixelH":64,"advance":30.0,"bearingX":17.0,"bearingY":3.0},")":{"u":0.28125,"v":0.0,"w":0.03125,"h":0.03125,"pixelW":64,"pixelH":64,"advance":30.0,"bearingX":17.0,"bearingY":3.0},"*":{"u":0.3125,"v":0.0,"w":0.03125,"h":0.03125,"pixelW":64,"pixelH":64,"advance":30.0,"bearingX":17.0,"bearingY":3.0},"+":{"u":0.34375,"v":0.0,"w":0.03125,"h":0.03125,"pixelW":64,"pixelH":64,"advance":30.0,"bearingX":17.0,"bearingY":3.0},",":{"u":0.375,"v":0.0,"w":0.03125,"h":0.03125,"pixelW":64,"pixelH":64,"advance":30.0,"bearingX":17.0,"bearingY":3.0},"-":{"u":0.40625,"v":0.0,"w":0.03125,"h":0.03125,"pixelW":64,"pixelH":64,"advance":30.0,"bearingX":17.0,"bearingY":3.0},".":{"u":0.4375,"v":0.0,"w":0.03125,"h":0.03125,"pixelW":64,"pixelH":64,"advance":30.0,"bearingX":17.0,"bearingY":3.0},"/":{"u":0.46875,"v":0.0,"w":0.03125,"h":0.03125,"pixelW":64,"pixelH":64,"advance":30.0,"bearingX":17.0,"bearingY":3.0},"0":{"u":0.5,"v":0.0,"w":0.03125,"h":0.03125,"pixelW":64,"pixelH":64,"advance":30.0,"bearingX":17.0,"bearingY":3.0},"1":{"u":0.53125,"v":0.0,"w":0.03125,"h":0.03125,"pixelW":64,"pixelH":64,"advance":30.0,"bearingX":17.0,"bearingY":3.0},"2":{"u":0.5625,"v":0.0,"w":0.03125,"h":0.03125,"pixelW":64,"pixelH":64,"advance":30.0,"bearingX":17.0,"bearingY":3.0},"3":{"u":0.59375,"v":0.0,"w":0.03125,"h":0.03125,"pixelW":64,"pixelH":64,"advance":30.0,"bearingX":17.0,"bearingY":3.0},"4":{"u":0.625,"v":0.0,"w":0.03125,"h":0.03125,"pixelW":64,"pixelH":64,"advance":30.0,"bearingX":17.0,"bearingY":3.0},"5":{"u":0.65625,"v":0.0,"w":0.03125,"h":0.03125,"pixelW":64,"pixelH":64,"advance":30.0,"bearingX":17.0,"bearingY":3.0},"6":{"u":0.6875,"v":0.0,"w":0.03125,"h":0.03125,"pixelW":64,"pixelH":64,"advance":30.0,"bearingX":17.0,"bearingY":3.0},"7":{"u":0.71875,"v":0.0,"w":0.03125,"h":0.03125,"pixelW":64,"pixelH":64,"advance":30.0,"bearingX":17.0,"bearingY":3.0},"8":{"u":0.75,"v":0.0,"w":0.03125,"h":0.03125,"pixelW":64,"pixelH":64,"advance":30.0,"bearingX":17.0,"bearingY":3.0},"9":{"u":0.78125,"v":0.0,"w":0.03125,"h":0.03125,"pixelW":64,"pixelH":64,"advance":30.0,"bearingX":17.0,"bearingY":3.0},":":{"u":0.8125,"v":0.0,"w":0.03125,"h":0.03125,"pixelW":64,"pixelH":64,"advance":30.0,"bearingX":17.0,"bearingY":3.0},";":{"u":0.84375,"v":0.0,"w":0.03125,"h":0.03125,"pixelW":64,"pixelH":64,"advance":30.0,"bearingX":17.0,"bearingY":3.0},"<":{"u":0.875,"v":0.0,"w":0.03125,"h":0.03125,"pixelW":64,"pixelH":64,"advance":30.0,"bearingX":17.0,"bearingY":3.0},"=":{"u":0.90625,"v":0.0,"w":0.03125,"h":0.03125,"pixelW":64,"pixelH":64,"advance":30.0,"bearingX":17.0,"bearingY":3.0},">":{"u":0.9375,"v":0.0,"w":0.03125,"h":0.03125,"pixelW":64,"pixelH":64,"advance":30.0,"bearingX":17.0,"bearingY":3.0},"?":{"u":0.96875,"v":0.0,"w":0.03125,"h":0.03125,"pixelW":64,"pixelH":64,"advance":30.0,"bearingX":17.0,"bearingY":3.0},"@":{"u":0.0,"v":0.03125,"w":0.03125,"h":0.03125,"pixelW":64,"pixelH":64,"advance":30.0,"bearingX":17.0,"bearingY":3.0},"A":{"u":0.03125,"v":0.03125,"w":0.03125,"h":0.03125,"pixelW":64,"pixelH":64,"advance":30.0,"bearingX":17.0,"bearingY":3.0},"B":{"u":0.0625,"v":0.03125,"w":0.03125,"h":0.03125,"pixelW":64,"pixelH":64,"advance":30.0,"bearingX":17.0,"bearingY":3.0},"C":{"u":0.09375,"v":0.03125,"w":0.03125,"h":0.03125,"pixelW":64,"pixelH":64,"advance":30.0,"bearingX":17.0,"bearingY":3.0},"D":{"u":0.125,"v":0.03125,"w":0.03125,"h":0.03125,"pixelW":64,"pixelH":64,"advance":30.0,"bearingX":17.0,"bearingY":3.0},"E":{"u":0.15625,"v":0.03125,"w":0.03125,"h":0.03125,"pixelW":64,"pixelH":64,"advance":30.0,"bearingX":17.0,"bearingY":3.0},"F":{"u":0.1875,"v":0.03125,"w":0.03125,"h":0.03125,"pixelW":64,"pixelH":64,"advance":30.0,"bearingX":17.0,"bearingY":3.0},"G":{"u":0.21875,"v":0.03125,"w":0.03125,"h":0.03125,"pixelW":64,"pixelH":64,"advance":30.0,"bearingX":17.0,"bearingY":3.0},"H":{"u":0.25,"v":0.03125,"w":0.03125,"h":0.03125,"pixelW":64,"pixelH":64,"advance":30.0,"bearingX":17.0,"bearingY":3.0},"I":{"u":0.28125,"v":0.03125,"w":0.03125,"h":0.03125,"pixelW":64,"pixelH":64,"advance":30.0,"bearingX":17.0,"bearingY":3.0},"J":{"u":0.3125,"v":0.03125,"w":0.03125,"h":0.03125,"pixelW":64,"pixelH":64,"advance":30.0,"bearingX":17.0,"bearingY":3.0},"K":{"u":0.34375,"v":0.03125,"w":0.03125,"h":0.03125,"pixelW":64,"pixelH":64,"advance":30.0,"bearingX":17.0,"bearingY":3.0},"L":{"u":0.375,"v":0.03125,"w":0.03125,"h":0.03125,"pixelW":64,"pixelH":64,"advance":30.0,"bearingX":17.0,"bearingY":3.0},"M":{"u":0.40625,"v":0.03125,"w":0.03125,"h":0.03125,"pixelW":64,"pixelH":64,"advance":30.0,"bearingX":17.0,"bearingY":3.0},"N":{"u":0.4375,"v":0.03125,"w":0.03125,"h":0.03125,"pixelW":64,"pixelH":64,"advance":30.0,"bearingX":17.0,"bearingY":3.0},"O":{"u":0.46875,"v":0.03125,"w":0.03125,"h":0.03125,"pixelW":64,"pixelH":64,"advance":30.0,"bearingX":17.0,"bearingY":3.0},"P":{"u":0.5,"v":0.03125,"w":0.03125,"h":0.03125,"pixelW":64,"pixelH":64,"advance":30.0,"bearingX":17.0,"bearingY":3.0},"Q":{"u":0.53125,"v":0.03125,"w":0.03125,"h":0.03125,"pixelW":64,"pixelH":64,"advance":30.0,"bearingX":17.0,"bearingY":3.0},"R":{"u":0.5625,"v":0.03125,"w":0.03125,"h":0.03125,"pixelW":64,"pixelH":64,"advance":30.0,"bearingX":17.0,"bearingY":3.0},"S":{"u":0.59375,"v":0.03125,"w":0.03125,"h":0.03125,"pixelW":64,"pixelH":64,"advance":30.0,"bearingX":17.0,"bearingY":3.0},"T":{"u":0.625,"v":0.03125,"w":0.03125,"h":0.03125,"pixelW":64,"pixelH":64,"advance":30.0,"bearingX":17.0,"bearingY":3.0},"U":{"u":0.65625,"v":0.03125,"w":0.03125,"h":0.03125,"pixelW":64,"pixelH":64,"advance":30.0,"bearingX":17.0,"bearingY":3.0},"V":{"u":0.6875,"v":0.03125,"w":0.03125,"h":0.03125,"pixelW":64,"pixelH":64,"advance":30.0,"bearingX":17.0,"bearingY":3.0},"W":{"u":0.71875,"v":0.03125,"w":0.03125,"h":0.03125,"pixelW":64,"pixelH":64,"advance":30.0,"bearingX":17.0,"bearingY":3.0},"X":{"u":0.75,"v":0.03125,"w":0.03125,"h":0.03125,"pixelW":64,"pixelH":64,"advance":30.0,"bearingX":17.0,"bearingY":3.0},"Y":{"u":0.78125,"v":0.03125,"w":0.03125,"h":0.03125,"pixelW":64,"pixelH":64,"advance":30.0,"bearingX":17.0,"bearingY":3.0},"Z":{"u":0.8125,"v":0.03125,"w":0.03125,"h":0.03125,"pixelW":64,"pixelH":64,"advance":30.0,"bearingX":17.0,"bearingY":3.0},"[":{"u":0.84375,"v":0.03125,"w":0.03125,"h":0.03125,"pixelW":64,"pixelH":64,"advance":30.0,"bearingX":17.0,"bearingY":3.0},"\\":{"u":0.875,"v":0.03125,"w":0.03125,"h":0.03125,"pixelW":64,"pixelH":64,"advance":30.0,"bearingX":17.0,"bearingY":3.0},"]":{"u":0.90625,"v":0.03125,"w":0.03125,"h":0.03125,"pixelW":64,"pixelH":64,"advance":30.0,"bearingX":17.0,"bearingY":3.0},"^":{"u":0.9375,"v":0.03125,"w":0.03125,"h":0.03125,"pixelW":64,"pixelH":64,"advance":30.0,"bearingX":17.0,"bearingY":3.0},"_":{"u":0.96875,"v":0.03125,"w":0.03125,"h":0.03125,"pixelW":64,"pixelH":64,"advance":30.0,"bearingX":17.0,"bearingY":3.0},"`":{"u":0.0,"v":0.0625,"w":0.03125,"h":0.03125,"pixelW":64,"pixelH":64,"advance":30.0,"bearingX":17.0,"bearingY":3.0},"a":{"u":0.03125,"v":0.0625,